job_id,feeder_job_index,feeder_token_index,booth_id,booth_seq_index
J000001,1,2,1,1
J000002,2,3,2,1
J000003,3,4,2,2
J000004,4,5,1,2
J000027,5,6,1,3
J000030,6,7,2,3
J000092,7,8,2,4
J000106,8,9,1,4
J000154,9,10,1,5
J000173,10,11,2,5
J000174,11,12,2,6
J000175,12,13,1,6
J000005,13,14,1,7
J000010,14,15,2,7
J000011,15,16,2,8
J000012,16,17,1,8
J000031,17,18,1,9
J000050,18,19,2,9
J000051,19,20,2,10
J000063,20,21,1,10
J000064,21,22,1,11
J000079,22,23,2,11
J000080,23,24,2,12
J000108,24,25,1,12
J000109,25,26,1,13
J000126,26,27,2,13
J000132,27,28,2,14
J000138,28,29,1,14
J000006,29,30,1,15
J000014,30,31,2,15
J000015,31,32,2,16
J000016,32,33,1,16
J000033,33,34,1,17
J000034,34,35,2,17
J000035,35,36,2,18
J000036,36,37,1,18
J000037,37,38,1,19
J000040,38,39,2,19
J000041,39,40,2,20
J000042,40,41,1,20
J000043,41,42,1,21
J000044,42,43,2,21
J000045,43,44,2,22
J000046,44,45,1,22
J000139,45,46,1,23
J000140,46,47,2,23
J000047,47,48,2,24
J000048,48,49,1,24
J000049,49,50,1,25
J000053,50,51,2,25
J000054,51,52,2,26
J000055,52,53,1,26
J000056,53,54,1,27
J000095,54,55,2,27
J000096,55,56,2,28
J000097,56,57,1,28
J000098,57,58,1,29
J000099,58,59,2,29
J000100,59,60,2,30
J000101,60,61,1,30
J000102,61,62,1,31
J000103,62,63,2,31
J000007,63,64,2,32
J000008,64,65,1,32
J000017,65,66,1,33
J000018,66,67,2,33
J000019,67,68,2,34
J000020,68,69,1,34
J000021,69,70,1,35
J000022,70,71,2,35
J000023,71,72,2,36
J000024,72,73,1,36
J000025,73,74,1,37
J000029,74,75,2,37
J000065,75,76,2,38
J000066,76,77,1,38
J000067,77,78,1,39
J000068,78,79,2,39
J000105,79,81,2,40
J000112,80,82,1,40
J000113,81,83,1,41
J000114,82,84,2,41
J000146,83,85,2,42
J000156,84,87,1,42
J000157,85,88,1,43
J000158,86,89,2,43
J000159,87,90,2,44
J000160,88,91,1,44
J000161,89,92,1,45
J000164,90,94,2,45
J000165,91,95,2,46
J000166,92,96,1,46
J000180,93,98,1,47
J000069,94,99,2,47
J000070,95,100,2,48
J000071,96,101,1,48
J000072,97,102,1,49
J000073,98,103,2,49
J000074,99,104,2,50
J000086,100,105,1,50
J000087,101,106,1,51
J000088,102,107,2,51
J000089,103,108,2,52
J000090,104,109,1,52
J000091,105,110,1,53
J000107,106,111,2,53
J000129,107,112,2,54
J000134,108,113,1,54
J000135,109,114,1,55
J000009,110,115,2,55
J000026,111,116,2,56
J000057,112,117,1,56
J000076,113,118,1,57
J000093,114,119,2,57
J000115,115,120,2,58
J000120,116,121,1,58
J000131,117,122,1,59
J000153,118,123,2,59
J000172,119,124,2,60
J000181,120,125,1,60
J000147,121,126,1,61
J000148,122,127,2,61
J000149,123,128,2,62
J000150,124,129,1,62
J000151,125,130,1,63
J000152,126,131,2,63
J000167,127,132,2,64
J000168,128,133,1,64
J000169,129,134,1,65
J000170,130,135,2,65
J000171,131,136,2,66
J000178,132,137,1,66
J000013,133,138,1,67
J000028,134,139,2,67
J000032,135,140,2,68
J000039,136,141,1,68
J000085,137,142,1,69
J000094,138,143,2,69
J000128,139,144,2,70
J000133,140,145,1,70
J000145,141,146,1,71
J000177,142,147,2,71
J000155,143,149,2,72
J000038,144,151,1,72
J000058,145,152,1,73
J000059,146,153,2,73
J000060,147,154,2,74
J000061,148,155,1,74
J000062,149,156,1,75
J000077,150,157,2,75
J000078,151,158,2,76
J000104,152,159,1,76
J000116,153,160,1,77
J000117,154,161,2,77
J000118,155,162,2,78
J000119,156,163,1,78
J000121,157,164,1,79
J000122,158,165,2,79
J000123,159,166,2,80
J000052,160,167,1,80
J000081,161,168,1,81
J000082,162,169,2,81
J000083,163,170,2,82
J000084,164,171,1,82
J000110,165,172,1,83
J000111,166,173,2,83
J000127,167,174,2,84
J000141,168,175,1,84
J000142,169,176,1,85
J000143,170,177,2,85
J000144,171,178,2,86
J000176,172,179,1,86
J000124,173,181,1,87
J000125,174,182,2,87
J000137,175,183,2,88
J000162,176,184,1,88
J000163,177,185,1,89
J000179,178,187,2,89
J000183,179,188,2,90
J000075,180,189,1,90
J000130,181,190,1,91
J000136,182,191,2,91
J000182,183,192,2,92
